username,password,email
Manpreet,Manpreet,Manpreet@gmail.com
Polomi,Polomi,Polomi@gmail.com
Ruchi,Ruchi,Ruchi@gmail.com
Prerna,Prerna,Prerna@gmail.com
Rohit,Rohit,Rohit@gmail.com
Harsha,Harsha,Harsha@gmail.com
Saumya,Saumya,Saumya@gmail.com
Rahuk,Rahul,Rahuk@gmail.com
cv,cvc,cv@gmail.com
